<?xml version="1.0" standalone="yes"?>
<tareas  xmlns:has="http://ji.ehu.es/has">
  <tarea>
    <codigo>SEG16-Test1</codigo>
    <descripcion>Test 1 sobre conceptos generales</descripcion>
    <hestimadas>3</hestimadas>
    <explotacion>false</explotacion>
    <tipotarea>Examen</tipotarea>
  </tarea>
  <tarea>
    <codigo>SEG16-Trabajo20</codigo>
    <descripcion>Cookies y Sesiones</descripcion>
    <hestimadas>10</hestimadas>
    <explotacion>false</explotacion>
    <tipotarea>Trabajo</tipotarea>
  </tarea>
</tareas>
